<?xml version="1.0"?>
<!--<!DOCTYPE metadata SYSTEM "http://www.esri.com/metadata/esriprof80.dtd">-->
<metadata xml:lang="en"><Esri><MetaID>{CAB27A8B-D2A0-45AF-B43D-629E6010ABA7}</MetaID><CreaDate>20080709</CreaDate><CreaTime>09213000</CreaTime><SyncOnce>TRUE</SyncOnce><DataProperties><lineage><Process Name="ExtractValuesToPoints_4" ToolSource="C:\Program Files\ArcGIS\ArcToolbox\Toolboxes\Spatial Analyst Tools.tbx\ExtractValuesToPoints" Date="20080709" Time="092130">ExtractValuesToPoints stations764_alb snow_clas_alb "C:\Documents and Settings\gfmb\My Documents\My GeoData\geohcdn\snow_type_764_stat_alb.shp" NONE VALUE_ONLY</Process></lineage></DataProperties></Esri></metadata>
